Day,Group,Exercise,Minutes,Calories Burned
2023-05-30,Uncategorized,General Walking,25.0,-108.97
2023-05-31,Uncategorized,Video Yoga,24.0,-35.79
2023-05-31,Uncategorized,Resistance Training,30.0,-86.03
2023-06-01,Uncategorized,Treadmill Walking,60.0,-172.05
2023-06-02,Uncategorized,Video Yoga,24.0,-35.79
2023-06-02,Uncategorized,"Treadmill Walking, Moderate",52.0,-149.1
2023-06-03,Uncategorized,General Walking,24.0,-104.61
2023-06-03,Uncategorized,Resistance Training,30.0,-86.03
2023-06-04,Uncategorized,General Walking,20.0,-87.17
2023-06-06,Uncategorized,Video Yoga,21.0,-31.31
2023-06-06,Uncategorized,General Walking,36.0,-289.05
2023-06-06,Uncategorized,Resistance Training,30.0,-86.03
2023-06-07,Uncategorized,Video Yoga,30.0,-44.73
2023-06-07,Uncategorized,General Walking,20.0,-160.58
2023-06-08,Uncategorized,Running General,48.0,-330.34
2023-06-09,Lunch,Resistance Training,30.0,-86.03
2023-06-10,Uncategorized,General Walking,38.0,-173.65
2023-06-10,Uncategorized,Resistance Training,30.0,-90.19
2023-06-11,Uncategorized,General Walking,23.0,-105.11
2023-06-12,Uncategorized,Resistance Training,30.0,-90.19
2023-06-13,Uncategorized,General Walking,22.0,-100.54
2023-06-14,Uncategorized,Video Yoga,30.0,-44.73
2023-06-14,Uncategorized,General Walking,23.0,-105.11
2023-06-15,Uncategorized,Resistance Training,30.0,-90.19
2023-06-15,Uncategorized,Running General,19.0,-79.97
2023-06-16,Uncategorized,Video Yoga,25.0,-39.08
2023-06-17,Uncategorized,Running General,35.0,-147.32
2023-06-17,Uncategorized,Resistance Training,30.0,-90.19
2023-06-18,Uncategorized,Running General,60.0,-432.93
2023-06-19,Uncategorized,General Walking,24.0,-109.68
2023-06-19,Uncategorized,Resistance Training,30.0,-90.19
2023-06-19,Uncategorized,General Walking,31.5,-143.95
2023-06-20,Uncategorized,Video Yoga,25.0,-39.08
2023-06-21,Uncategorized,General Walking,23.0,-105.11
2023-06-21,Uncategorized,General Walking,25.0,-114.25
2023-06-22,Uncategorized,Resistance Training,30.0,-90.19
2023-06-22,Uncategorized,General Walking,26.0,-118.82
2023-06-22,Uncategorized,General Walking,21.0,-95.97
2023-06-23,Uncategorized,Video Yoga,20.0,-31.27
2023-06-23,Uncategorized,General Walking,23.0,-105.11
2023-06-23,Uncategorized,General Walking,31.0,-141.66
2023-06-25,Uncategorized,Running General,43.0,-310.06
2023-06-25,Uncategorized,Resistance Training,30.0,-90.19
2023-06-26,Uncategorized,General Walking,36.0,-164.41
2023-06-20,Uncategorized,Resistance Training,30.0,-90.19
2023-07-03,Uncategorized,Power Yoga,24.0,-86.53
2023-07-06,Uncategorized,Power Yoga,22.0,-79.32
2023-07-06,Uncategorized,General Walking,22.0,-100.47
2023-07-06,Uncategorized,General Walking,20.0,-91.34
2023-07-07,Uncategorized,Power Yoga,25.0,-90.13
2023-07-07,Uncategorized,General Walking,32.0,-146.14
2023-07-07,Uncategorized,General Walking,34.0,-155.27
2023-07-08,Uncategorized,General Walking,51.0,-232.91
2023-07-09,Uncategorized,Basketball,90.0,-594.89
2023-07-10,Uncategorized,General Walking,51.0,-232.91
2023-07-11,Uncategorized,Video Yoga,22.0,-34.37
2023-07-11,Uncategorized,Resistance Training,30.0,-90.19
2023-07-11,Uncategorized,General Walking,39.0,-178.11
2023-07-12,Uncategorized,"Treadmill Walking, Moderate",45.0,-135.2
2023-07-13,Uncategorized,"Treadmill Walking, Moderate",45.0,-135.2
2023-07-14,Uncategorized,Video Yoga,30.0,-46.87
2023-07-14,Uncategorized,Resistance Training,30.0,-90.19
2023-07-14,Uncategorized,"Treadmill Walking, Moderate",48.0,-144.22
2023-07-15,Uncategorized,General Walking,36.0,-162.02
2023-07-16,Uncategorized,Resistance Training,30.0,-90.19
2023-07-16,Uncategorized,General Walking,59.0,-265.53
2023-07-17,Uncategorized,General Walking,22.0,-99.01
2023-07-18,Uncategorized,Video Yoga,20.0,-30.79
2023-07-18,Uncategorized,General Walking,42.0,-189.02
2023-07-19,Uncategorized,Resistance Training,30.0,-90.19
2023-07-19,Uncategorized,General Walking,23.0,-103.51
2023-07-19,Uncategorized,General Walking,29.0,-130.51
2023-07-20,Uncategorized,Video Yoga,30.0,-46.19
2023-07-20,Uncategorized,"Treadmill Walking, Moderate",52.0,-153.96
2023-07-21,Uncategorized,Resistance Training,30.0,-90.19
2023-07-21,Uncategorized,General Walking,27.0,-121.51
2023-07-22,Uncategorized,Resistance Training,30.0,-90.19
2023-07-22,Uncategorized,General Walking,34.0,-153.02
2023-07-23,Uncategorized,General Walking,43.0,-193.52
2023-07-23,Uncategorized,General Walking,21.0,-94.51
2023-07-24,Uncategorized,Resistance Training,30.0,-90.19
2023-07-26,Uncategorized,Video Yoga,30.0,-46.19
2023-07-25,Uncategorized,"Treadmill Walking, Moderate",52.0,-153.96
2023-07-26,Uncategorized,Resistance Training,30.0,-90.19
2023-07-26,Uncategorized,General Walking,22.0,-99.01
2023-07-26,Uncategorized,General Walking,42.0,-189.02
2023-07-27,Uncategorized,"Treadmill Walking, Moderate",73.0,-216.14
2023-07-28,Uncategorized,Video Yoga,30.0,-46.19
2023-07-28,Uncategorized,Resistance Training,30.0,-90.19
2023-07-30,Uncategorized,General Walking,39.0,-175.28
2023-07-31,Uncategorized,Video Yoga,30.0,-46.19
2023-07-31,Uncategorized,Resistance Training,30.0,-90.19
2023-08-02,Uncategorized,"Treadmill Walking, Moderate",35.0,-103.49
2023-08-02,Uncategorized,Resistance Training,30.0,-90.19
2023-08-02,Uncategorized,General Walking,30.0,-134.83
2023-08-07,Uncategorized,Resistance Training,30.0,-90.19
2023-08-08,Uncategorized,General Walking,23.0,-103.37
2023-08-09,Uncategorized,Resistance Training,30.0,-90.19
2023-08-09,Uncategorized,General Walking,49.0,-220.23
2023-08-10,Uncategorized,General Walking,23.0,-103.37
2023-08-10,Uncategorized,General Walking,39.0,-175.28
2023-08-11,Uncategorized,Resistance Training,30.0,-90.19
2023-08-12,Uncategorized,Hiking/Backpacking,210.0,-1366.07
2023-08-13,Uncategorized,General Walking,30.0,-134.83
2023-08-14,Uncategorized,General Walking,30.0,-134.83
2023-08-14,Uncategorized,General Walking,38.0,-170.79
2023-08-15,Uncategorized,Video Yoga,25.0,-38.44
2023-08-15,Uncategorized,Resistance Training,30.0,-90.19
2023-08-15,Uncategorized,General Walking,37.0,-166.29
2023-08-15,Uncategorized,General Walking,24.0,-107.87
2023-08-16,Uncategorized,Video Yoga,25.0,-38.44
2023-08-16,Uncategorized,"Treadmill Walking, Moderate",62.0,-183.32
2023-08-17,Uncategorized,"Treadmill Walking, Moderate",42.0,-124.19
2023-08-17,Uncategorized,Resistance Training,25.0,-73.92
2023-08-17,Uncategorized,General Walking,30.0,-134.83
2023-08-18,Uncategorized,"Treadmill Walking, Moderate",74.0,-218.81
2023-08-18,Uncategorized,General Walking,21.0,-94.38
2023-08-19,Uncategorized,General Walking,73.0,-328.09
2023-08-19,Uncategorized,Resistance Training,30.0,-88.71
2023-08-20,Uncategorized,General Walking,59.0,-265.17
2023-08-21,Uncategorized,"Treadmill Walking, Moderate",75.0,-221.76
2023-08-21,Uncategorized,Resistance Training,30.0,-88.71
2023-08-22,Uncategorized,General Walking,55.0,-247.19
2023-08-23,Uncategorized,"Treadmill Walking, Moderate",85.0,-251.33
2023-08-23,Uncategorized,Resistance Training,30.0,-88.71
2023-08-24,Uncategorized,"Treadmill Walking, Moderate",71.0,-209.94
2023-08-25,Uncategorized,General Walking,52.0,-233.71
2023-08-26,Uncategorized,General Walking,66.0,-289.07
2023-08-26,Uncategorized,Resistance Training,30.0,-88.71
2023-08-27,Uncategorized,General Walking,71.0,-310.97
2023-08-28,Uncategorized,"Treadmill Walking, Moderate",64.0,-184.41
2023-08-28,Uncategorized,General Walking,20.0,-88.44
2023-08-29,Uncategorized,General Walking,56.0,-247.63
2023-08-29,Uncategorized,General Walking,29.0,-128.24
2023-08-30,Uncategorized,Resistance Training,30.0,-88.71
2023-08-30,Uncategorized,"Treadmill Walking, Moderate",75.0,-218.19
2023-08-31,Uncategorized,General Walking,56.0,-247.63
2023-08-31,Uncategorized,Resistance Training,30.0,-88.71
2023-09-01,Uncategorized,"Treadmill Walking, Moderate",66.0,-190.18
2023-09-02,Uncategorized,Resistance Training,30.0,-88.71
2023-09-02,Uncategorized,General Walking,24.0,-105.12
2023-09-03,Uncategorized,General Walking,72.0,-315.35
2023-09-04,Uncategorized,General Walking,64.0,-280.31
2023-09-04,Uncategorized,Resistance Training,30.0,-88.71
2023-09-05,Uncategorized,General Walking,24.0,-105.12
2023-09-06,Uncategorized,General Walking,52.0,-227.75
2023-09-06,Uncategorized,General Walking,32.0,-140.15
2023-09-07,Uncategorized,Resistance Training,30.0,-88.71
2023-09-07,Uncategorized,"Treadmill Walking, Moderate",47.0,-135.43
2023-09-07,Uncategorized,General Walking,24.0,-105.12
2023-09-08,Uncategorized,"Treadmill Walking, Moderate",79.0,-228.57
2023-09-09,Uncategorized,General Walking,53.0,-233.09
2023-09-09,Uncategorized,Resistance Training,30.0,-88.71
2023-09-10,Uncategorized,Power Yoga,35.0,-121.52
2023-09-11,Uncategorized,"Treadmill Walking, Moderate",61.0,-176.49
2023-09-11,Uncategorized,Resistance Training,30.0,-88.71
2023-09-10,Uncategorized,"Treadmill Walking, Moderate",56.0,-162.03
2023-09-12,Uncategorized,"Treadmill Walking, Moderate",58.0,-167.81
2023-09-13,Uncategorized,General Walking,52.0,-228.69
2023-09-13,Uncategorized,General Walking,20.0,-87.96
2023-09-19,Uncategorized,Resistance Training,30.0,-88.71
2023-09-19,Uncategorized,"Treadmill Walking, Moderate",58.0,-167.81
2023-09-20,Uncategorized,General Walking,23.0,-102.82
2023-09-20,Uncategorized,"Treadmill Walking, Moderate",58.0,-167.81
2023-09-21,Uncategorized,General Walking,28.0,-125.17
2023-09-21,Uncategorized,"Treadmill Walking, Moderate",58.0,-167.81
2023-09-22,Uncategorized,"Treadmill Walking, Moderate",47.0,-135.61
2023-09-22,Uncategorized,General Walking,27.0,-118.42
2023-09-23,Uncategorized,General Walking,54.0,-236.83
2023-09-23,Uncategorized,Resistance Training,30.0,-88.71
2023-09-25,Uncategorized,"Treadmill Walking, Moderate",65.0,-187.55
2023-09-26,Uncategorized,Video Group Classes,30.0,-103.87
2023-09-26,Uncategorized,"Treadmill Walking, Moderate",53.0,-152.93
2023-09-26,Uncategorized,General Walking,20.0,-87.72
2023-09-27,Uncategorized,General Walking,21.0,-92.1
2023-09-28,Uncategorized,Video Group Classes,30.0,-103.87
2023-09-28,Uncategorized,Resistance Training,30.0,-88.71
2023-09-28,Uncategorized,"Treadmill Walking, Moderate",48.0,-138.5
2023-09-29,Uncategorized,General Walking,22.0,-96.49
2023-10-02,Uncategorized,"Treadmill Walking, Moderate",63.0,-181.78
2023-10-03,Uncategorized,"Treadmill Walking, Moderate",48.0,-138.5
2023-10-03,Uncategorized,General Walking,23.0,-100.87
2023-10-03,Uncategorized,Resistance Training,30.0,-88.71
2023-10-04,Uncategorized,"Treadmill Walking, Moderate",48.0,-138.5
2023-10-04,Uncategorized,General Walking,22.0,-96.49
2023-10-05,Uncategorized,Video Group Classes,30.0,-103.87
2023-10-05,Uncategorized,Running General,42.0,-290.85
2023-10-06,Uncategorized,"Treadmill Walking, Moderate",69.0,-196.35
2023-10-06,Uncategorized,Resistance Training,30.0,-88.71
2023-10-06,Uncategorized,General Walking,20.0,-86.51
2023-10-07,Uncategorized,Resistance Training,30.0,-88.71
2023-10-07,Uncategorized,General Walking,24.0,-103.81
2023-10-08,Uncategorized,General Walking,240.0,-1038.12
2023-10-09,Uncategorized,"Treadmill Walking, Moderate",73.0,-207.74
2023-10-09,Uncategorized,General Walking,23.0,-99.49
2023-10-10,Uncategorized,Video Group Classes,30.0,-103.87
2023-10-10,Uncategorized,"Treadmill Walking, Moderate",63.0,-179.28
2023-10-10,Uncategorized,Resistance Training,30.0,-88.71
2023-10-10,Uncategorized,General Walking,21.0,-90.84
2023-10-11,Uncategorized,"Treadmill Walking, Moderate",63.0,-179.28
2023-10-12,Uncategorized,Video Group Classes,30.0,-103.87
2023-10-12,Uncategorized,"Treadmill Walking, Moderate",49.0,-139.44
2023-10-12,Uncategorized,Resistance Training,30.0,-88.71
2023-10-12,Uncategorized,General Walking,20.0,-86.51
2023-10-13,Uncategorized,General Walking,20.0,-86.51
2023-10-14,Uncategorized,General Walking,66.0,-285.48
2023-10-14,Uncategorized,General Walking,20.0,-86.51
2023-10-15,Uncategorized,General Walking,22.0,-95.16
2023-10-15,Uncategorized,"Treadmill Walking, Moderate",60.0,-170.74
2023-10-15,Uncategorized,Resistance Training,30.0,-88.71
2023-10-16,Uncategorized,General Walking,28.0,-121.11
2023-10-17,Uncategorized,Video Group Classes,35.0,-119.52
2023-10-17,Uncategorized,"Treadmill Walking, Moderate",39.0,-110.98
2023-10-17,Uncategorized,General Walking,20.0,-86.51
2023-10-18,Uncategorized,"Treadmill Walking, Moderate",52.0,-147.98
2023-10-18,Uncategorized,Resistance Training,30.0,-88.71
2023-10-18,Uncategorized,General Walking,30.0,-129.76
2023-10-19,Uncategorized,Video Group Classes,35.0,-119.52
2023-10-20,Uncategorized,Resistance Training,30.0,-88.71
2023-10-20,Uncategorized,"Treadmill Walking, Moderate",53.0,-150.82
2023-10-20,Uncategorized,General Walking,20.0,-86.51
2023-10-21,Uncategorized,General Walking,62.0,-268.18
2023-10-22,Uncategorized,General Walking,76.0,-328.74
2023-10-22,Uncategorized,General Walking,20.0,-86.51
2023-10-23,Uncategorized,"Treadmill Walking, Moderate",45.0,-128.06
2023-10-23,Uncategorized,General Walking,20.0,-86.51
2023-10-23,Uncategorized,Resistance Training,30.0,-88.71
2023-10-24,Uncategorized,Video Group Classes,35.0,-119.52
2023-10-24,Uncategorized,"Treadmill Walking, Moderate",54.0,-153.67
2023-10-24,Uncategorized,General Walking,20.0,-86.51
2023-10-25,Uncategorized,"Treadmill Walking, Moderate",63.0,-179.28
2023-10-25,Uncategorized,General Walking,20.0,-86.51
2023-10-26,Uncategorized,Video Group Classes,35.0,-119.52
2023-10-26,Uncategorized,General Walking,20.0,-86.51
2023-10-26,Uncategorized,Resistance Training,30.0,-88.71
2023-10-27,Uncategorized,"Treadmill Walking, Moderate",65.0,-183.94
2023-10-27,Uncategorized,Resistance Training,30.0,-88.71
2023-10-30,Uncategorized,"Treadmill Walking, Moderate",63.0,-178.28
2023-10-31,Uncategorized,Video Group Classes,35.0,-119.52
2023-10-31,Uncategorized,"Treadmill Walking, Moderate",69.0,-195.26
2023-10-31,Uncategorized,Resistance Training,30.0,-88.71
2023-11-02,Uncategorized,Video Group Classes,35.0,-119.52
2023-11-02,Uncategorized,"Treadmill Walking, Moderate",60.0,-169.79
2023-11-04,Uncategorized,General Walking,52.0,-223.67
2023-11-04,Uncategorized,Resistance Training,60.0,-169.79
2023-11-06,Uncategorized,"Treadmill Walking, Moderate",48.0,-135.83
2023-11-06,Uncategorized,General Walking,24.0,-103.23
2023-11-07,Uncategorized,Video Group Classes,35.0,-119.52
2023-11-07,Uncategorized,"Treadmill Walking, Moderate",45.0,-127.34
2023-11-07,Uncategorized,Resistance Training,30.0,-84.9
2023-11-07,Uncategorized,General Walking,23.0,-98.93
2023-11-08,Uncategorized,"Treadmill Walking, Moderate",46.0,-130.17
2023-11-08,Uncategorized,General Walking,24.0,-103.23
2023-11-09,Uncategorized,Video Group Classes,35.0,-119.52
2023-11-09,Uncategorized,"Treadmill Walking, Moderate",55.0,-155.64
2023-11-10,Uncategorized,Resistance Training,30.0,-84.9
2023-11-10,Uncategorized,General Walking,30.0,-128.14
2023-11-11,Uncategorized,Resistance Training,30.0,-84.9
2023-11-11,Uncategorized,General Walking,48.0,-205.02
2023-11-12,Uncategorized,Digging/Shovelling,30.0,-145.0
2023-11-12,Uncategorized,General Walking,22.0,-93.97
2023-11-13,Uncategorized,Running General,52.0,-204.57
2023-11-14,Uncategorized,Video Group Classes,25.0,-84.3
2023-11-14,Uncategorized,"Treadmill Walking, Moderate",42.0,-118.02
2023-11-14,Uncategorized,Resistance Training,30.0,-84.9
2023-11-16,Uncategorized,Video Group Classes,35.0,-118.02
2023-11-16,Uncategorized,General Walking,20.0,-85.42
2023-11-17,Uncategorized,Resistance Training,30.0,-84.9
2023-11-18,Uncategorized,General Walking,55.0,-234.92
2023-11-19,Uncategorized,General Walking,57.0,-243.46
2023-11-19,Uncategorized,General Walking,20.0,-85.42
2023-11-20,Uncategorized,Video Group Classes,35.0,-118.02
2023-11-21,Uncategorized,General Walking,20.0,-85.42
2023-11-22,Uncategorized,Video Group Classes,35.0,-118.02
2023-11-22,Uncategorized,Resistance Training,30.0,-84.9
2023-11-22,Uncategorized,General Walking,21.0,-89.7
2023-11-24,Uncategorized,Resistance Training,30.0,-84.9
2023-11-24,Uncategorized,General Walking,24.0,-102.51
2023-11-26,Uncategorized,Video Group Classes,35.0,-196.7
2023-11-27,Uncategorized,Resistance Training,30.0,-84.9
2023-11-29,Uncategorized,Video Group Classes,35.0,-120.69
2023-11-29,Uncategorized,"Treadmill Walking, Moderate",30.0,-86.21
2023-12-01,Uncategorized,Video Group Classes,35.0,-120.69
2023-12-02,Uncategorized,Resistance Training,30.0,-84.9
2023-12-02,Uncategorized,General Walking,20.0,-85.67
2023-12-03,Uncategorized,Resistance Training,30.0,-84.9
2023-12-03,Uncategorized,General Walking,20.0,-85.67
2023-12-04,Uncategorized,Resistance Training,15.0,-42.27
2023-12-05,Uncategorized,Video Group Classes,35.0,-120.69
2023-12-05,Uncategorized,General Walking,20.0,-85.67
2023-12-06,Uncategorized,General Walking,27.0,-115.65
2023-12-07,Uncategorized,Resistance Training,30.0,-84.54
2023-12-07,Uncategorized,Video Group Classes,35.0,-120.69
2023-12-09,Uncategorized,Resistance Training,30.0,-84.54
2023-12-10,Uncategorized,General Walking,20.0,-85.67
2023-12-11,Uncategorized,Video Group Classes,35.0,-120.69
2023-12-11,Uncategorized,General Walking,22.0,-94.23
2023-12-13,Uncategorized,General Walking,20.0,-85.67
2023-12-14,Uncategorized,Video Group Classes,25.0,-84.54
2023-12-14,Uncategorized,Resistance Training,30.0,-84.54
2023-12-15,Uncategorized,Resistance Training,30.0,-84.54
2023-12-15,Uncategorized,Video Group Classes,25.0,-84.54
2023-12-19,Uncategorized,Resistance Training,30.0,-84.54
2023-12-19,Uncategorized,Video Group Classes,30.0,-101.45
2023-12-21,Uncategorized,Resistance Training,30.0,-84.54
2023-12-21,Uncategorized,Video Group Classes,30.0,-101.45
2023-12-22,Uncategorized,General Walking,20.0,-85.67
2023-12-24,Uncategorized,General Walking,20.0,-85.67
2023-12-24,Uncategorized,Resistance Training,30.0,-84.54
2023-12-26,Uncategorized,Resistance Training,30.0,-84.54
2023-12-26,Uncategorized,Video Group Classes,30.0,-101.45
2023-12-26,Uncategorized,General Walking,20.0,-85.67
2023-12-28,Uncategorized,Video Group Classes,30.0,-101.45
2023-12-28,Uncategorized,General Walking,20.0,-85.67
2023-12-29,Uncategorized,Video Group Classes,30.0,-101.45
2023-12-30,Uncategorized,Resistance Training,30.0,-84.54
2024-01-01,Uncategorized,Video Group Classes,35.0,-118.35
2024-01-02,Uncategorized,General Walking,20.0,-85.67
2024-01-02,Uncategorized,Resistance Training,30.0,-84.54
2024-01-03,Uncategorized,Video Group Classes,35.0,-118.35
2024-01-03,Uncategorized,General Walking,20.0,-85.67
2024-01-04,Uncategorized,General Walking,20.0,-85.67
2024-01-05,Uncategorized,Resistance Training,30.0,-84.54
2024-01-05,Uncategorized,General Walking,20.0,-85.67
2024-01-06,Uncategorized,General Walking,42.0,-179.9
2024-01-08,Uncategorized,Resistance Training,30.0,-84.54
2024-01-09,Uncategorized,Video Group Classes,35.0,-118.35
2024-01-10,Uncategorized,Resistance Training,30.0,-84.54
2024-01-11,Uncategorized,Video Group Classes,35.0,-118.35
2024-01-13,Uncategorized,Video Group Classes,35.0,-118.35
2024-01-13,Uncategorized,Resistance Training,30.0,-84.54
2024-01-14,Uncategorized,Video Group Classes,35.0,-118.35
2024-01-16,Uncategorized,Video Group Classes,35.0,-118.35
2024-01-16,Uncategorized,Digging/Shovelling,15.0,-73.83
2024-01-19,Uncategorized,Video Group Classes,35.0,-118.35
2024-01-19,Uncategorized,Resistance Training,30.0,-84.54
2024-01-19,Uncategorized,General Walking,20.0,-86.99
2024-01-20,Uncategorized,Resistance Training,30.0,-84.54
2024-01-21,Uncategorized,General Walking,34.0,-147.89
2024-01-22,Uncategorized,Video Group Classes,35.0,-118.35
2024-01-22,Uncategorized,General Walking,38.0,-164.83
2024-01-24,Uncategorized,Video Group Classes,35.0,-118.35
2024-01-25,Uncategorized,Resistance Training,30.0,-84.54
2024-01-27,Uncategorized,General Walking,52.0,-226.18
2024-01-28,Uncategorized,General Walking,59.0,-256.63
2024-01-29,Uncategorized,General Walking,20.0,-86.99
2024-01-30,Uncategorized,Video Group Classes,35.0,-118.35
2024-01-30,Uncategorized,Resistance Training,30.0,-84.54
2024-02-01,Uncategorized,General Walking,20.0,-86.99
2024-02-01,Uncategorized,Resistance Training,35.0,-100.16
2024-02-02,Uncategorized,Video Group Classes,35.0,-118.35
2024-02-03,Uncategorized,Video Group Classes,35.0,-118.35
2024-02-05,Uncategorized,Video Group Classes,35.0,-118.35
2024-02-05,Uncategorized,Resistance Training,30.0,-85.85
2024-02-07,Uncategorized,Video Group Classes,35.0,-118.35
2024-02-07,Uncategorized,Resistance Training,30.0,-85.85
2024-02-09,Uncategorized,Video Group Classes,35.0,-118.35
2024-02-09,Uncategorized,Resistance Training,30.0,-85.85
2024-02-13,Uncategorized,Video Group Classes,35.0,-118.35
2024-02-14,Uncategorized,Video Group Classes,30.0,-103.73
2024-02-15,Uncategorized,Resistance Training,30.0,-85.85
2024-02-16,Uncategorized,Video Group Classes,30.0,-103.73
2024-02-17,Uncategorized,Resistance Training,30.0,-85.85
2024-02-17,Uncategorized,General Walking,24.0,-103.96
2024-02-18,Uncategorized,Running General,34.0,-135.65
2024-02-19,Uncategorized,Resistance Training,30.0,-85.85
2024-02-20,Uncategorized,Video Group Classes,30.0,-103.73
2024-02-21,Uncategorized,General Walking,41.0,-177.59
2024-02-21,Uncategorized,Video Group Classes,20.0,-68.39
2024-02-23,Uncategorized,Video Group Classes,35.0,-119.69
2024-02-24,Uncategorized,General Walking,54.0,-233.9
2024-02-24,Uncategorized,Resistance Training,30.0,-85.85
2024-02-29,Uncategorized,Video Group Classes,35.0,-119.69
2024-03-01,Uncategorized,Video Group Classes,12.0,-41.04
2024-03-01,Uncategorized,Resistance Training,30.0,-85.85
2024-03-03,Uncategorized,Resistance Training,30.0,-85.85
2024-03-03,Uncategorized,General Walking,45.0,-196.28
2024-03-04,Uncategorized,Video Group Classes,25.0,-86.09
2024-03-06,Uncategorized,Video Group Classes,35.0,-120.52
2024-03-08,Uncategorized,Video Group Classes,35.0,-120.52
2024-03-09,Uncategorized,Resistance Training,30.0,-85.85
2024-03-11,Uncategorized,Video Group Classes,35.0,-120.52
2024-03-14,Uncategorized,Video Group Classes,35.0,-120.52
2024-03-16,Uncategorized,Video Group Classes,35.0,-120.52
2024-03-16,Uncategorized,Resistance Training,30.0,-85.85
2024-03-17,Uncategorized,General Walking,45.0,-195.19
2024-03-20,Uncategorized,Video Group Classes,30.0,-104.16
2024-03-20,Uncategorized,Resistance Training,30.0,-85.85
2024-03-21,Uncategorized,Resistance Training,30.0,-85.85
2024-03-22,Uncategorized,Video Group Classes,30.0,-104.16
2024-03-23,Uncategorized,General Walking,36.0,-156.59
2024-03-23,Uncategorized,Resistance Training,30.0,-85.85
2024-03-25,Uncategorized,Video Group Classes,30.0,-104.16
2024-03-26,Uncategorized,Resistance Training,30.0,-85.85
2024-03-27,Uncategorized,Video Group Classes,20.0,-68.68
2024-03-29,Uncategorized,Resistance Training,30.0,-85.85
2024-03-30,Uncategorized,Resistance Training,30.0,-85.85
2024-03-30,Uncategorized,General Walking,32.0,-140.54
2024-03-31,Uncategorized,General Walking,38.0,-166.89
2024-04-01,Uncategorized,Video Group Classes,25.0,-86.68
2024-04-02,Uncategorized,Resistance Training,30.0,-85.85
2024-04-05,Uncategorized,Resistance Training,20.0,-57.79
2024-04-05,Uncategorized,Resistance Training,30.0,-86.68
2024-04-05,Uncategorized,General Walking,31.0,-136.15
2024-04-06,Uncategorized,General Walking,23.0,-101.01
2024-04-07,Uncategorized,Resistance Training,30.0,-86.68
2024-04-08,Uncategorized,Video Group Classes,30.0,-104.02
2024-04-10,Uncategorized,Video Group Classes,30.0,-104.02
2024-04-10,Uncategorized,Resistance Training,30.0,-86.68
2024-04-11,Uncategorized,General Walking,32.0,-140.54
2024-04-12,Uncategorized,Video Group Classes,30.0,-104.02
2024-04-13,Uncategorized,Resistance Training,30.0,-86.68
2024-04-13,Uncategorized,General Walking,30.0,-130.85
2024-04-14,Uncategorized,General Walking,42.0,-183.19
2024-04-15,Uncategorized,Resistance Training,30.0,-86.68
2024-04-15,Uncategorized,General Walking,48.0,-209.36
2024-04-17,Uncategorized,Video Group Classes,30.0,-104.02
2024-04-17,Uncategorized,Resistance Training,30.0,-86.68
2024-04-19,Uncategorized,Resistance Training,30.0,-86.68
2024-04-19,Uncategorized,Video Group Classes,20.0,-68.87
2024-04-22,Uncategorized,Video Group Classes,30.0,-105.3
2024-04-23,Uncategorized,Resistance Training,30.0,-86.68
2024-04-24,Uncategorized,Video Group Classes,30.0,-105.3
2024-04-26,Uncategorized,Resistance Training,30.0,-86.68
2024-04-27,Uncategorized,Video Group Classes,30.0,-105.3
2024-04-28,Uncategorized,General Walking,42.0,-184.46
2024-04-29,Uncategorized,Video Group Classes,30.0,-105.3
2024-04-30,Uncategorized,General Walking,33.0,-144.93
2024-05-01,Uncategorized,Video Group Classes,30.0,-105.3
2024-05-01,Uncategorized,Resistance Training,30.0,-86.68
2024-05-03,Uncategorized,Video Group Classes,30.0,-105.3
2024-05-04,Uncategorized,Running General,55.0,-224.01
2024-05-05,Uncategorized,Resistance Training,30.0,-86.68
2024-05-06,Uncategorized,Resistance Training,20.0,-58.18
2024-05-07,Uncategorized,General Walking,28.0,-123.82
2024-05-08,Uncategorized,Resistance Training,30.0,-87.28
2024-05-09,Uncategorized,Video Group Classes,30.0,-105.3
2024-05-10,Uncategorized,Video Group Classes,30.0,-105.3
2024-05-11,Uncategorized,General Walking,37.0,-161.83
2024-05-13,Uncategorized,General Walking,45.0,-196.82
2024-05-14,Uncategorized,Resistance Training,30.0,-87.28
2024-05-15,Uncategorized,General Walking,35.0,-153.08
2024-05-16,Uncategorized,Resistance Training,30.0,-87.28
2024-05-17,Uncategorized,Resistance Training,30.0,-87.28
2024-05-19,Uncategorized,General Walking,35.0,-154.14
2024-05-21,Uncategorized,Resistance Training,45.0,-130.38
2024-05-22,Uncategorized,General Walking,35.0,-154.14
2024-05-23,Uncategorized,Resistance Training,30.0,-86.92
2024-05-24,Uncategorized,Resistance Training,30.0,-86.92
2024-05-25,Uncategorized,General Walking,38.0,-165.97
2024-05-26,Uncategorized,General Walking,65.0,-149.42
2024-05-27,Uncategorized,Resistance Training,45.0,-129.31
2024-05-28,Uncategorized,Resistance Training,20.0,-57.47
2024-05-28,Uncategorized,General Walking,33.0,-144.14
2024-05-29,Uncategorized,General Walking,20.0,-87.35
2024-05-29,Uncategorized,Resistance Training,40.0,-114.94
2024-05-30,Uncategorized,Resistance Training,20.0,-57.47
2024-06-01,Uncategorized,General Walking,40.0,-174.71
2024-06-01,Uncategorized,Resistance Training,30.0,-86.21
2024-06-02,Uncategorized,General Walking,39.0,-170.34
2024-06-03,Uncategorized,Resistance Training,25.0,-71.84
2024-06-04,Uncategorized,Resistance Training,30.0,-86.21
2024-06-05,Uncategorized,Resistance Training,30.0,-86.21
2024-06-07,Uncategorized,General Walking,20.0,-87.35
2024-06-08,Uncategorized,Running General,32.0,-128.73
2024-06-08,Uncategorized,Resistance Training,30.0,-86.21
2024-06-09,Uncategorized,General Walking,28.0,-122.3
2024-06-10,Uncategorized,Resistance Training,30.0,-86.21
2024-06-11,Uncategorized,Resistance Training,30.0,-86.21
2024-06-11,Uncategorized,General Walking,20.0,-87.35
2024-06-12,Uncategorized,Resistance Training,30.0,-86.21
2024-06-13,Uncategorized,General Walking,20.0,-87.35
2024-06-14,Uncategorized,Resistance Training,30.0,-86.21
2024-06-14,Uncategorized,General Walking,20.0,-87.6
2024-06-15,Uncategorized,General Walking,52.0,-227.75
2024-06-16,Uncategorized,Resistance Training,30.0,-86.21
2024-06-17,Uncategorized,General Walking,24.0,-105.12
2024-06-18,Uncategorized,Resistance Training,30.0,-86.21
2024-06-19,Uncategorized,Resistance Training,30.0,-86.21
2024-06-19,Uncategorized,General Walking,28.0,-122.63
2024-06-20,Uncategorized,General Walking,51.0,-223.37
2024-06-21,Uncategorized,Resistance Training,30.0,-86.21
2024-06-23,Uncategorized,General Walking,43.0,-190.93
2024-06-24,Uncategorized,General Walking,36.0,-159.84
2024-06-28,Uncategorized,General Walking,34.0,-150.96
2024-06-29,Uncategorized,General Walking,38.0,-168.72
2024-06-30,Uncategorized,General Walking,60.0,-269.3
2024-07-01,Uncategorized,Resistance Training,30.0,-86.21
2024-07-02,Uncategorized,Resistance Training,30.0,-86.21
2024-07-03,Uncategorized,General Walking,51.0,-228.91
2024-07-04,Uncategorized,Resistance Training,30.0,-86.21
2024-07-04,Uncategorized,General Walking,25.0,-112.21
2024-07-06,Uncategorized,General Walking,39.0,-175.05
2024-07-06,Uncategorized,General Walking,20.0,-89.77
2024-07-07,Uncategorized,Resistance Training,30.0,-86.21
2024-07-07,Uncategorized,General Walking,34.0,-152.61
2024-07-08,Uncategorized,General Walking,34.0,-152.61
2024-07-09,Uncategorized,General Walking,32.0,-143.63
2024-07-10,Uncategorized,General Walking,41.0,-184.02
2024-07-10,Uncategorized,Resistance Training,30.0,-86.21
2024-07-11,Uncategorized,General Walking,37.0,-166.07
2024-07-12,Uncategorized,Resistance Training,30.0,-86.21
2024-07-13,Uncategorized,General Walking,54.0,-237.81
2024-07-15,Uncategorized,Resistance Training,22.0,-63.74
2024-07-16,Uncategorized,Resistance Training,30.0,-86.92
2024-07-17,Uncategorized,General Walking,35.0,-154.14
2024-07-17,Uncategorized,General Walking,25.0,-110.1
2024-07-18,Uncategorized,Resistance Training,30.0,-86.92
2024-07-18,Uncategorized,General Walking,20.0,-88.08
2024-07-20,Uncategorized,General Walking,60.0,-264.24
2024-07-19,Uncategorized,Resistance Training,30.0,-86.92
2024-07-19,Uncategorized,General Walking,20.0,-88.08
2024-07-21,Uncategorized,General Walking,54.0,-237.81
2024-07-22,Uncategorized,Resistance Training,30.0,-86.92
2024-07-23,Uncategorized,General Walking,31.0,-136.52
2024-07-24,Uncategorized,Resistance Training,30.0,-86.92
2024-07-24,Uncategorized,General Walking,31.0,-136.52
2024-07-25,Uncategorized,General Walking,28.0,-125.67
2024-07-27,Uncategorized,General Walking,35.0,-157.09
2024-07-27,Uncategorized,Resistance Training,30.0,-86.92
2024-07-27,Uncategorized,General Walking,20.0,-89.77
2024-07-28,Uncategorized,General Walking,30.0,-134.65
2024-07-28,Uncategorized,Resistance Training,35.0,-103.35
2024-07-28,Uncategorized,General Walking,20.0,-89.77
2024-07-29,Uncategorized,General Walking,45.0,-201.98
2024-07-30,Uncategorized,General Walking,33.0,-148.12
2024-07-31,Uncategorized,Resistance Training,25.0,-73.82
2024-08-01,Uncategorized,Resistance Training,30.0,-88.59
2024-08-01,Uncategorized,General Walking,24.0,-107.72
2024-08-02,Uncategorized,Resistance Training,30.0,-88.59
2024-08-03,Uncategorized,General Walking,47.0,-209.25
2024-08-03,Uncategorized,General Walking,21.0,-93.5
2024-08-05,Uncategorized,Resistance Training,30.0,-88.59
2024-08-06,Uncategorized,General Walking,28.0,-124.66
2024-08-07,Uncategorized,General Walking,24.0,-106.85
2024-08-08,Uncategorized,Resistance Training,30.0,-88.59
2024-08-09,Uncategorized,Resistance Training,35.0,-102.52
2024-08-10,Uncategorized,General Walking,25.0,-111.3
2024-08-11,Uncategorized,General Walking,39.0,-173.64
2024-08-12,Uncategorized,Resistance Training,30.0,-87.87
2024-08-12,Uncategorized,General Walking,26.0,-115.76
2024-08-14,Uncategorized,General Walking,28.0,-124.66
2024-08-14,Uncategorized,Resistance Training,35.0,-102.52
2024-08-16,Uncategorized,Resistance Training,30.0,-87.87
2024-08-16,Uncategorized,General Walking,25.0,-111.3
2024-08-17,Uncategorized,General Walking,35.0,-155.83
2024-08-18,Uncategorized,Resistance Training,30.0,-87.87
2024-08-20,Uncategorized,General Walking,22.0,-97.95
2024-08-21,Uncategorized,Resistance Training,30.0,-87.87
2024-08-21,Uncategorized,Resistance Training,35.0,-102.52
2024-08-22,Uncategorized,General Walking,30.0,-133.57
2024-08-19,Uncategorized,Resistance Training,30.0,-87.87
2024-08-24,Uncategorized,General Walking,66.0,-293.84
2024-08-24,Uncategorized,Resistance Training,40.0,-117.16
2024-08-25,Uncategorized,General Walking,75.0,-333.91
2024-08-26,Uncategorized,Resistance Training,35.0,-102.52
2024-08-26,Uncategorized,General Walking,25.0,-111.3
2024-08-27,Uncategorized,Resistance Training,30.0,-87.87
2024-08-27,Uncategorized,General Walking,32.0,-142.47
2024-08-29,Uncategorized,Resistance Training,30.0,-87.87
2024-08-29,Uncategorized,General Walking,29.0,-129.11
2024-08-30,Uncategorized,Resistance Training,30.0,-87.87
2024-08-30,Uncategorized,General Walking,31.0,-136.9
2024-08-31,Uncategorized,General Walking,70.0,-309.12
2024-09-01,Uncategorized,General Walking,60.0,-264.96
2024-09-01,Uncategorized,Resistance Training,30.0,-87.87
2024-09-01,Uncategorized,General Walking,29.0,-128.06
2024-09-02,Uncategorized,General Walking,25.0,-110.4
2024-09-03,Uncategorized,General Walking,31.0,-136.9
2024-09-04,Uncategorized,General Walking,29.0,-128.06
2024-09-04,Uncategorized,Resistance Training,25.0,-72.63
2024-09-05,Uncategorized,Resistance Training,30.0,-87.16
2024-09-05,Uncategorized,General Walking,29.0,-128.06
2024-09-06,Uncategorized,Video Group Classes,30.0,-105.3
2024-09-06,Uncategorized,General Walking,29.0,-128.06
2024-09-07,Uncategorized,General Walking,37.0,-163.39
2024-09-07,Uncategorized,Resistance Training,30.0,-87.16
2024-09-08,Uncategorized,General Walking,42.0,-186.99
2024-09-09,Uncategorized,Resistance Training,30.0,-87.16
2024-09-10,Uncategorized,General Walking,28.0,-124.66
2024-09-09,Uncategorized,General Walking,27.0,-120.21
2024-09-11,Uncategorized,Resistance Training,35.0,-102.52
2024-09-11,Uncategorized,General Walking,25.0,-111.3
2024-09-12,Uncategorized,Resistance Training,30.0,-87.87
2024-09-12,Uncategorized,General Walking,30.0,-133.57
2024-09-13,Uncategorized,Video Yoga,25.0,-38.44
2024-09-13,Uncategorized,Resistance Training,30.0,-87.87
2024-09-15,Uncategorized,Resistance Training,30.0,-87.87
2024-09-15,Uncategorized,General Walking,28.0,-126.52
2024-09-17,Uncategorized,Resistance Training,35.0,-104.05
2024-09-18,Uncategorized,Resistance Training,31.0,-92.15
2024-09-18,Uncategorized,General Walking,31.0,-140.07
2024-09-19,Uncategorized,General Walking,29.5,-133.3
2024-09-20,Uncategorized,Resistance Training,30.0,-89.18
2024-09-21,Uncategorized,Moving,120.0,-570.76
2024-09-22,Uncategorized,General Walking,29.5,-133.3
2024-09-23,Uncategorized,Resistance Training,31.0,-92.15
2024-09-24,Uncategorized,Resistance Training,30.0,-89.18
2024-09-25,Uncategorized,General Walking,31.0,-140.07
2024-09-26,Uncategorized,Video Yoga,25.0,-38.44
2024-09-26,Uncategorized,Resistance Training,31.0,-92.15
2024-09-27,Uncategorized,Video Yoga,20.0,-30.92
2024-09-28,Uncategorized,General Walking,68.0,-304.8
2024-09-29,Uncategorized,General Walking,62.0,-277.91
2024-09-29,Uncategorized,Resistance Training,31.0,-92.15
2024-10-01,Uncategorized,Video Group Classes,24.0,-84.93
2024-10-01,Uncategorized,General Walking,31.0,-138.95
2024-10-02,Uncategorized,General Walking,31.0,-138.95
2024-10-02,Uncategorized,Resistance Training,31.0,-92.15
2024-10-03,Uncategorized,Video Yoga,15.0,-23.0
2024-10-06,Uncategorized,Resistance Training,31.0,-92.15
2024-10-06,Uncategorized,General Walking,21.0,-94.13
2024-10-07,Uncategorized,Resistance Training,30.0,-88.47
2024-10-07,Uncategorized,General Walking,32.0,-143.44
2024-10-08,Uncategorized,Resistance Training,40.0,-117.96
2024-10-09,Uncategorized,Video Yoga,25.0,-38.34
2024-10-09,Uncategorized,General Walking,31.0,-138.95
2024-10-10,Uncategorized,General Walking,31.0,-138.95
2024-10-11,Uncategorized,Resistance Training,30.0,-88.47
2024-10-12,Uncategorized,Resistance Training,40.0,-117.96
2024-10-12,Uncategorized,General Walking,37.0,-165.85
2024-10-14,Uncategorized,General Walking,31.0,-138.95
2024-10-15,Uncategorized,Resistance Training,30.0,-88.47
2024-10-15,Uncategorized,Resistance Training,31.0,-91.42
2024-10-16,Uncategorized,General Walking,31.0,-138.95
2024-10-17,Uncategorized,Video Yoga,30.0,-46.0
2024-10-18,Uncategorized,Resistance Training,30.0,-89.18
2024-10-19,Uncategorized,Resistance Training,31.0,-92.15
2024-10-19,Uncategorized,General Walking,26.0,-117.48
2024-10-20,Uncategorized,General Walking,41.0,-185.26
2024-10-20,Uncategorized,Resistance Training,31.0,-92.15
2024-10-22,Uncategorized,General Walking,30.0,-135.56
2024-10-22,Uncategorized,Video Group Classes,30.0,-107.02
2024-10-21,Uncategorized,Resistance Training,31.0,-92.15
2024-10-21,Uncategorized,General Walking,31.0,-140.07
2024-10-23,Uncategorized,Resistance Training,31.0,-92.15
2024-10-23,Uncategorized,General Walking,31.0,-140.07
2024-10-24,Uncategorized,Video Yoga,30.0,-46.0
2024-10-24,Uncategorized,General Walking,30.0,-135.56
2024-10-25,Uncategorized,General Walking,30.0,-134.11
2024-10-26,Uncategorized,Resistance Training,31.0,-92.15
2024-10-26,Uncategorized,General Walking,30.0,-134.11
2024-10-28,Uncategorized,Video Group Classes,25.0,-88.23
2024-10-28,Uncategorized,General Walking,35.0,-156.46
2024-10-30,Uncategorized,Resistance Training,35.0,-102.93
2024-11-01,Uncategorized,Resistance Training,40.0,-117.64
2024-11-02,Uncategorized,General Walking,71.0,-317.39
2024-11-03,Uncategorized,Resistance Training,40.0,-117.64
2024-11-04,Uncategorized,Video Yoga,30.0,-46.0
2024-11-05,Uncategorized,Resistance Training,28.0,-82.35
2024-11-08,Uncategorized,Resistance Training,35.0,-104.05
2024-11-14,Uncategorized,Resistance Training,25.0,-74.32
2024-11-15,Uncategorized,Resistance Training,35.0,-104.05
2024-11-17,Uncategorized,Resistance Training,35.0,-104.05
2024-11-17,Uncategorized,General Walking,40.0,-177.85
2024-11-18,Uncategorized,Resistance Training,20.0,-58.5
2024-11-20,Uncategorized,Resistance Training,35.0,-102.38
2024-11-22,Uncategorized,Resistance Training,40.0,-117.0
2024-11-24,Uncategorized,Resistance Training,40.0,-117.0
2024-11-25,Uncategorized,Resistance Training,30.0,-87.75
2024-11-29,Uncategorized,Resistance Training,35.0,-102.38
2024-11-27,Uncategorized,Resistance Training,25.0,-73.13
2024-12-01,Uncategorized,Resistance Training,35.0,-102.38
2024-12-02,Uncategorized,Resistance Training,25.0,-73.13
2024-12-04,Uncategorized,Video Group Classes,25.0,-88.23
2024-12-05,Uncategorized,Resistance Training,35.0,-102.38
2024-12-06,Uncategorized,Video Group Classes,25.0,-88.23
2024-12-08,Uncategorized,Resistance Training,40.0,-119.7
2024-12-08,Uncategorized,General Walking,36.0,-163.75
2024-12-12,Uncategorized,Video Group Classes,20.0,-71.82
2024-12-12,Uncategorized,Resistance Training,40.0,-119.7
2024-12-15,Uncategorized,Resistance Training,40.0,-119.7
2024-12-16,Uncategorized,Video Group Classes,20.0,-71.82
2024-12-17,Uncategorized,Resistance Training,40.0,-119.7
2024-12-18,Uncategorized,Video Group Classes,20.0,-71.82
2024-12-21,Uncategorized,General Walking,56.0,-253.71
2024-12-22,Uncategorized,Resistance Training,40.0,-119.7
2024-12-23,Uncategorized,Video Group Classes,20.0,-71.82
2024-12-30,Uncategorized,Video Group Classes,20.0,-71.82
2024-12-31,Uncategorized,Resistance Training,40.0,-119.7
2025-01-04,Uncategorized,Resistance Training,60.0,-178.84
2025-01-06,Uncategorized,Resistance Training,25.0,-74.52
2025-01-07,Uncategorized,Resistance Training,35.0,-104.32
2025-01-10,Uncategorized,Resistance Training,29.0,-85.98
2025-01-13,Uncategorized,Resistance Training,25.0,-74.12
2025-01-17,Uncategorized,Resistance Training,25.0,-74.12
2025-01-28,Uncategorized,Resistance Training,31.0,-91.91
2025-01-30,Uncategorized,Resistance Training,31.0,-91.91
2025-02-04,Uncategorized,Resistance Training,25.0,-74.12
2025-02-06,Uncategorized,Resistance Training,25.0,-74.12
2025-02-08,Uncategorized,Resistance Training,35.0,-103.77
2025-02-09,Uncategorized,General Walking,32.0,-145.56
2025-02-12,Uncategorized,Resistance Training,25.0,-74.81
2025-02-14,Uncategorized,Resistance Training,35.0,-104.74
2025-02-16,Uncategorized,Resistance Training,35.0,-104.74
2025-02-18,Uncategorized,Resistance Training,20.0,-59.85
2025-02-19,Uncategorized,Resistance Training,25.0,-74.81
2025-02-24,Uncategorized,Resistance Training,25.0,-74.81
2025-02-25,Uncategorized,Resistance Training,25.0,-74.81
2025-02-26,Uncategorized,Resistance Training,35.0,-104.74
2025-02-28,Uncategorized,Resistance Training,35.0,-104.74
2025-03-04,Uncategorized,Resistance Training,35.0,-104.74
2025-03-06,Uncategorized,Resistance Training,25.0,-74.81
2025-03-08,Uncategorized,Resistance Training,25.0,-74.81
2025-03-11,Uncategorized,Resistance Training,35.0,-103.91
2025-03-13,Uncategorized,Resistance Training,25.0,-74.22
2025-03-14,Uncategorized,Resistance Training,25.0,-74.22
2025-03-15,Uncategorized,Resistance Training,35.0,-103.91
2025-03-16,Uncategorized,General Walking,36.0,-162.45
2025-03-17,Uncategorized,Resistance Training,25.0,-74.22
2025-03-19,Uncategorized,Resistance Training,25.0,-74.22
2025-03-21,Uncategorized,Resistance Training,25.0,-74.22
2025-03-22,Uncategorized,Resistance Training,35.0,-103.91
2025-03-25,Uncategorized,Alpine Skiing,120.0,-612.75
2025-03-28,Uncategorized,Resistance Training,25.0,-74.22
2025-03-29,Uncategorized,General Walking,39.0,-175.99
2025-03-30,Uncategorized,Resistance Training,35.0,-103.91
2025-03-31,Uncategorized,Resistance Training,29.0,-86.09
2025-04-01,Uncategorized,Resistance Training,29.0,-86.09
2025-04-03,Uncategorized,Resistance Training,29.0,-86.09
2025-04-04,Uncategorized,Resistance Training,32.0,-95.0
2025-04-05,Uncategorized,Alpine Skiing,120.0,-612.75
2025-04-06,Uncategorized,General Walking,50.0,-225.63
2025-04-07,Uncategorized,Resistance Training,25.0,-74.81
2025-04-09,Uncategorized,Resistance Training,32.0,-95.76
2025-04-09,Uncategorized,General Walking,31.0,-141.01
2025-04-08,Uncategorized,General Walking,33.0,-150.11
2025-04-10,Uncategorized,Resistance Training,20.0,-59.85
2025-04-11,Uncategorized,General Walking,30.0,-136.46
2025-04-12,Uncategorized,General Walking,43.0,-195.59
2025-04-14,Uncategorized,Resistance Training,20.0,-59.85
2025-04-15,Uncategorized,Resistance Training,25.0,-74.81
2025-04-17,Uncategorized,Resistance Training,25.0,-74.81
2025-04-17,Uncategorized,General Walking,25.0,-113.72
2025-04-19,Uncategorized,Resistance Training,35.0,-104.74
2025-04-20,Uncategorized,General Walking,43.0,-195.59
2025-04-20,Uncategorized,Resistance Training,10.0,-29.93
2025-04-21,Uncategorized,Resistance Training,25.0,-74.81
2025-04-22,Uncategorized,General Walking,41.0,-186.5
2025-04-23,Uncategorized,Resistance Training,25.0,-74.81
2025-04-24,Uncategorized,General Walking,43.0,-195.59
2025-04-25,Uncategorized,Resistance Training,25.0,-74.81
2025-04-26,Uncategorized,General Walking,23.0,-104.62
2025-04-27,Uncategorized,General Walking,47.0,-393.82
2025-04-28,Uncategorized,Resistance Training,25.0,-74.81
2025-04-29,Uncategorized,Resistance Training,25.0,-74.81
2025-05-03,Uncategorized,Resistance Training,40.0,-119.7
2025-05-03,Uncategorized,General Walking,31.0,-141.01
2025-05-04,Uncategorized,General Walking,69.0,-313.86
2025-05-05,Uncategorized,Resistance Training,25.0,-74.81
2025-05-07,Uncategorized,Resistance Training,25.0,-74.81
2025-05-13,Uncategorized,Resistance Training,25.0,-74.81
2025-05-15,Uncategorized,Resistance Training,25.0,-74.81
2025-05-17,Uncategorized,Resistance Training,35.0,-104.74
2025-05-18,Uncategorized,General Walking,53.0,-444.1
2025-05-19,Uncategorized,Resistance Training,35.0,-104.74
2025-05-19,Uncategorized,General Walking,23.0,-104.62
2025-05-20,Uncategorized,Resistance Training,25.0,-74.81
2025-05-21,Uncategorized,General Walking,32.0,-145.56
2025-05-22,Uncategorized,Resistance Training,25.0,-74.81
2025-05-24,Uncategorized,General Walking,32.0,-145.56
2025-05-25,Uncategorized,Resistance Training,35.0,-103.35
2025-05-26,Uncategorized,General Walking,35.0,-157.09
2025-05-28,Uncategorized,Resistance Training,25.0,-73.82
2025-05-30,Uncategorized,Video Group Classes,25.0,-88.59
2025-05-30,Uncategorized,Resistance Training,32.0,-94.49
2025-05-31,Uncategorized,General Walking,70.0,-314.19
2025-06-02,Uncategorized,Resistance Training,32.0,-94.49
2025-06-03,Uncategorized,Resistance Training,25.0,-73.82
2025-06-04,Uncategorized,Resistance Training,25.0,-73.82
2025-06-04,Uncategorized,General Walking,35.0,-157.09
2025-06-07,Uncategorized,Resistance Training,35.0,-102.93
2025-06-07,Uncategorized,General Walking,35.0,-157.09
2025-06-07,Uncategorized,Basketball,90.0,-594.89
2025-06-08,Uncategorized,General Walking,36.0,-160.93
2025-06-09,Uncategorized,Resistance Training,25.0,-73.52
2025-06-09,Uncategorized,General Walking,31.0,-138.58
2025-06-11,Uncategorized,General Walking,31.0,-138.58
2025-06-18,Uncategorized,General Walking,30.0,-134.11
2025-06-21,Uncategorized,Resistance Training,35.0,-104.32
2025-06-23,Uncategorized,Resistance Training,25.0,-74.52
2025-06-25,Uncategorized,General Walking,31.0,-140.45
2025-06-26,Uncategorized,Resistance Training,25.0,-74.52
2025-06-27,Uncategorized,Resistance Training,40.0,-119.23
2025-06-28,Uncategorized,General Walking,52.0,-235.59
2025-06-29,Uncategorized,General Walking,48.0,-216.89
2025-06-30,Uncategorized,Resistance Training,25.0,-74.32
2025-07-01,Uncategorized,General Walking,29.0,-131.04
2025-07-02,Uncategorized,Resistance Training,25.0,-74.32
2025-07-02,Uncategorized,General Walking,25.0,-112.96
2025-07-04,Uncategorized,Resistance Training,40.0,-118.91
2025-07-05,Uncategorized,General Walking,249.0,-1125.12
2025-07-06,Uncategorized,General Walking,38.0,-171.7
2025-07-07,Uncategorized,Resistance Training,25.0,-74.32
2025-07-10,Uncategorized,General Walking,42.0,-349.59
2025-07-11,Uncategorized,Resistance Training,28.0,-83.24
2025-07-12,Uncategorized,General Walking,37.0,-167.19
2025-07-13,Uncategorized,General Walking,41.0,-185.26
2025-07-14,Uncategorized,Resistance Training,28.0,-83.24
2025-07-15,Uncategorized,General Walking,46.0,-207.85
2025-07-16,Uncategorized,Resistance Training,35.0,-104.05
2025-07-17,Uncategorized,General Walking,29.0,-131.04
2025-07-18,Uncategorized,Resistance Training,25.0,-74.32
2025-07-19,Uncategorized,General Walking,54.0,-244.0
2025-07-21,Uncategorized,General Walking,51.0,-227.68
2025-07-22,Uncategorized,Resistance Training,25.0,-74.32
2025-07-24,Uncategorized,General Walking,47.0,-209.82
2025-07-25,Uncategorized,Resistance Training,25.0,-74.32
2025-07-26,Uncategorized,General Walking,55.0,-250.18
2025-07-27,Uncategorized,General Walking,50.0,-224.12
2025-07-29,Uncategorized,Resistance Training,25.0,-74.32
2025-07-29,Uncategorized,General Walking,28.0,-125.51
2025-07-30,Uncategorized,General Walking,37.0,-165.85
2025-07-31,Uncategorized,Resistance Training,25.0,-74.32
2025-08-01,Uncategorized,General Walking,58.0,-259.98
2025-08-02,Uncategorized,Resistance Training,40.0,-118.75
2025-08-03,Uncategorized,General Walking,51.0,-230.14
2025-08-05,Uncategorized,Resistance Training,25.0,-74.22
2025-08-07,Uncategorized,Resistance Training,25.0,-74.22
2025-08-08,Uncategorized,General Walking,42.0,-189.53
2025-08-10,Uncategorized,General Walking,58.0,-261.73
2025-08-14,Uncategorized,Resistance Training,25.0,-74.22
2025-08-15,Uncategorized,General Walking,34.0,-152.19
2025-08-16,Uncategorized,Resistance Training,40.0,-117.8
2025-08-17,Uncategorized,General Walking,40.0,-179.05
2025-08-18,Uncategorized,General Walking,30.0,-134.29
2025-08-19,Uncategorized,Resistance Training,28.0,-82.46
2025-08-21,Uncategorized,Resistance Training,28.0,-82.46
2025-08-23,Uncategorized,General Walking,52.0,-232.77
2025-08-25,Uncategorized,Resistance Training,28.0,-82.46
2025-08-27,Uncategorized,Resistance Training,25.0,-73.62
2025-08-28,Uncategorized,General Walking,26.0,-116.38
2025-08-29,Uncategorized,Resistance Training,25.0,-73.62
2025-08-30,Uncategorized,General Walking,49.0,-219.34
2025-09-02,Uncategorized,Resistance Training,25.0,-73.62
2025-09-03,Uncategorized,General Walking,37.0,-165.62
2025-09-04,Uncategorized,Resistance Training,25.0,-73.62
2025-09-04,Uncategorized,General Walking,22.0,-98.48
2025-09-06,Uncategorized,General Walking,73.0,-601.95
2025-09-08,Uncategorized,Resistance Training,35.0,-103.07
2025-09-09,Uncategorized,Resistance Training,28.0,-82.46
2025-09-11,Uncategorized,General Walking,45.0,-371.06
2025-09-13,Uncategorized,General Walking,50.0,-412.29
2025-09-14,Uncategorized,Frisbee,90.0,-742.13
2025-09-15,Uncategorized,General Walking,36.0,-161.15
2025-09-18,Uncategorized,Resistance Training,40.0,-117.8
2025-09-19,Uncategorized,Resistance Training,20.0,-58.9
2025-09-22,Uncategorized,General Walking,36.0,-161.15
2025-09-23,Uncategorized,Resistance Training,25.0,-73.62
2025-09-25,Uncategorized,Resistance Training,25.0,-73.62
2025-09-25,Uncategorized,General Walking,34.0,-152.19
2025-09-26,Uncategorized,General Walking,43.0,-192.48
2025-09-27,Uncategorized,General Walking,65.0,-153.14
2025-09-28,Uncategorized,General Walking,49.0,-219.34
2025-09-29,Uncategorized,Resistance Training,28.0,-82.57
2025-09-29,Uncategorized,General Walking,31.0,-138.95
2025-09-30,Uncategorized,General Walking,35.0,-156.88
2025-10-02,Uncategorized,Resistance Training,40.0,-117.96
2025-10-03,Uncategorized,Resistance Training,25.0,-73.72
2025-10-04,Uncategorized,General Walking,55.0,-248.19
2025-10-05,Uncategorized,General Walking,33.0,-148.91
2025-10-06,Uncategorized,Resistance Training,25.0,-73.72
2025-10-08,Uncategorized,General Walking,34.0,-80.75
2025-10-09,Uncategorized,Resistance Training,25.0,-73.72
2025-10-11,Uncategorized,General Walking,52.0,-234.65
2025-10-13,Uncategorized,Resistance Training,25.0,-73.72
2025-10-15,Uncategorized,Resistance Training,25.0,-73.72
2025-10-16,Uncategorized,Road Biking,30.0,-203.86
2025-10-17,Uncategorized,Resistance Training,25.0,-73.72
2025-10-21,Uncategorized,Running General,47.0,-192.73
2025-10-22,Uncategorized,Resistance Training,25.0,-73.72
2025-10-23,Uncategorized,Running General,40.0,-164.03
2025-10-24,Uncategorized,Resistance Training,25.0,-73.72
2025-10-24,Uncategorized,General Walking,34.0,-152.4
2025-10-25,Uncategorized,General Walking,37.0,-165.85
2025-10-26,Uncategorized,General Walking,34.0,-152.4
2025-10-27,Uncategorized,Resistance Training,25.0,-73.72
2025-10-29,Uncategorized,Resistance Training,25.0,-73.72
2025-11-02,Uncategorized,Running General,40.0,-164.03
2025-11-03,Uncategorized,Resistance Training,25.0,-73.72
2025-11-05,Uncategorized,Resistance Training,29.0,-85.29
2025-11-08,Uncategorized,Resistance Training,29.0,-85.29
2025-11-10,Uncategorized,Resistance Training,25.0,-73.52
2025-11-12,Uncategorized,Resistance Training,25.0,-73.52
2025-11-14,Uncategorized,Resistance Training,29.0,-85.63
2025-11-15,Uncategorized,Running General,44.0,-181.9
2025-11-16,Uncategorized,General Walking,30.0,-134.65
2025-11-17,Uncategorized,General Walking,45.0,-201.98
2025-11-18,Uncategorized,Resistance Training,29.0,-85.63
2025-11-19,Uncategorized,Resistance Training,29.0,-85.63
2025-11-22,Uncategorized,Resistance Training,25.0,-73.43
2025-11-25,Uncategorized,Resistance Training,25.0,-73.43
2025-12-03,Uncategorized,Resistance Training,25.0,-73.43
2025-12-06,Uncategorized,Resistance Training,29.0,-85.17
2025-12-09,Uncategorized,Resistance Training,25.0,-73.43
2025-12-11,Uncategorized,Resistance Training,25.0,-73.43
2025-12-12,Uncategorized,General Walking,30.0,-246.71
2025-12-13,Uncategorized,Resistance Training,45.0,-132.34
2025-12-14,Uncategorized,General Walking,37.0,-165.4
2025-12-15,Uncategorized,Resistance Training,29.0,-85.29
2025-12-19,Uncategorized,Resistance Training,29.0,-85.29
2026-01-06,Uncategorized,Resistance Training,30.0,-88.23
2026-01-08,Uncategorized,Resistance Training,30.0,-88.23
2026-01-10,Uncategorized,Resistance Training,30.0,-88.23
2026-01-17,Uncategorized,Resistance Training,30.0,-88.23
2026-01-20,Uncategorized,Resistance Training,30.0,-88.23
2026-01-22,Uncategorized,Resistance Training,30.0,-88.23
2026-01-24,Uncategorized,Resistance Training,30.0,-88.23
2026-01-26,Uncategorized,Resistance Training,30.0,-88.23
2026-01-28,Uncategorized,Resistance Training,30.0,-88.23
2026-02-03,Uncategorized,Resistance Training,35.0,-103.49
2026-02-05,Uncategorized,Resistance Training,35.0,-103.49
2026-02-10,Uncategorized,Resistance Training,35.0,-103.49
2026-02-12,Uncategorized,Resistance Training,35.0,-103.49
2026-02-14,Uncategorized,Resistance Training,35.0,-103.49
2026-02-15,Uncategorized,General Walking,32.0,-143.82
2026-02-16,Uncategorized,Resistance Training,35.0,-103.49
2026-02-18,Uncategorized,"Treadmill Walking, Moderate",47.0,-140.09
2026-02-19,Uncategorized,"Treadmill Walking, Moderate",42.0,-125.19
2026-02-20,Uncategorized,Resistance Training,35.0,-103.49
2026-02-21,Uncategorized,General Walking,24.0,-108.73
2026-02-23,Uncategorized,Resistance Training,35.0,-103.49
2026-02-25,Uncategorized,Resistance Training,35.0,-103.49
2026-02-28,Uncategorized,Resistance Training,35.0,-103.49
2026-03-01,Uncategorized,General Walking,42.0,-350.53
2026-03-02,Uncategorized,General Walking,35.0,-158.57
2026-03-03,Uncategorized,Resistance Training,35.0,-103.49
2026-03-05,Uncategorized,Resistance Training,35.0,-103.49
2026-03-07,Uncategorized,Resistance Training,35.0,-103.49
2026-03-08,Uncategorized,General Walking,33.0,-149.51
2026-03-09,Uncategorized,General Walking,30.0,-135.92
2026-03-10,Uncategorized,Resistance Training,35.0,-103.49
2026-03-12,Uncategorized,Resistance Training,35.0,-103.49
2026-03-13,Uncategorized,General Walking,30.0,-135.92
2026-03-14,Uncategorized,Resistance Training,35.0,-103.49
2026-03-16,Uncategorized,General Walking,37.0,-167.63
2026-03-17,Uncategorized,Resistance Training,35.0,-103.49
2026-03-18,Uncategorized,General Walking,34.0,-154.04
2026-03-19,Uncategorized,Resistance Training,35.0,-103.49
2026-03-20,Uncategorized,General Walking,31.0,-140.45
2026-03-24,Uncategorized,Resistance Training,35.0,-103.49
2026-03-24,Uncategorized,General Walking,21.0,-95.14
2026-03-25,Uncategorized,General Walking,29.0,-131.39
2026-03-27,Uncategorized,Resistance Training,35.0,-103.49
2026-03-28,Uncategorized,General Walking,47.0,-212.94
2026-03-29,Uncategorized,General Walking,33.0,-149.51
2026-03-31,Uncategorized,Resistance Training,35.0,-103.49
2026-04-02,Uncategorized,Resistance Training,35.0,-103.49
2026-04-05,Uncategorized,General Walking,32.0,-144.98
2026-04-06,Uncategorized,Resistance Training,35.0,-103.49
2026-04-07,Uncategorized,General Walking,35.0,-158.57
2026-04-08,Uncategorized,Resistance Training,35.0,-103.49
2026-04-08,Uncategorized,General Walking,33.0,-149.51
2026-04-09,Uncategorized,Resistance Training,35.0,-103.49
2026-04-11,Uncategorized,Resistance Training,35.0,-103.49
2026-04-12,Uncategorized,General Walking,90.0,-405.04
2026-04-13,Uncategorized,Resistance Training,35.0,-103.49
2026-04-13,Uncategorized,General Walking,24.0,-108.01
2026-04-15,Uncategorized,Resistance Training,35.0,-103.49
2026-04-15,Uncategorized,General Walking,24.0,-108.01
2026-04-18,Uncategorized,Resistance Training,35.0,-103.49
2026-04-19,Uncategorized,General Walking,57.0,-256.53
2026-04-20,Uncategorized,General Walking,34.0,-153.02
2026-04-21,Uncategorized,Resistance Training,35.0,-103.49
2026-04-22,Uncategorized,General Walking,31.0,-139.89
2026-04-23,Uncategorized,Resistance Training,35.0,-103.49
2026-04-26,Uncategorized,Resistance Training,35.0,-103.49
